name,type,url
ต้มข่าไก่,Mild,https://s359.kapook.com/r/600/auto/pagebuilder/f103aacb-cbd7-4e82-9e73-c134b2551aef.jpg
ข้าวมันไก่,Mild,https://static.thairath.co.th/media/dFQROr7oWzulq5Fa4MvAZOQmFYm5g8Akcteb0xDPiuoNHv2rLoCibLWV6bwymaw2TAQ.jpg
ผัดซีอิ๊ว,Mild,https://s359.kapook.com/pagebuilder/1958331d-f82e-47eb-9bf3-8b7124e5c330.jpg
แกงจืดเต้าหู้หมูสับ,Mild,https://www.easycookingmenu.com/media/k2/items/cache/ca70f255bd2394191d82d5fae8f6827e_XL.jpg
ข้าวหมูแดง,Mild,https://p16-va.lemon8cdn.com/tos-alisg-v-a3e477-sg/oEe9ME2DgjACKnIFfAltBAEwIhC7cwQGXCIGpQ~tplv-tej9nj120t-origin.webp
ข้าวหน้าเป็ด,Mild,https://www.sgethai.com/wp-content/uploads/2022/10/221025-Content-%E0%B8%A7%E0%B8%B4%E0%B8%98%E0%B8%B5%E0%B8%97%E0%B8%B3-%E0%B8%82%E0%B9%89%E0%B8%B2%E0%B8%A7%E0%B8%AB%E0%B8%99%E0%B9%89%E0%B8%B2%E0%B9%80%E0%B8%9B%E0%B9%87%E0%B8%9402.jpg
ไข่เจียวหมูสับ,Mild,https://assets.unileversolutions.com/recipes-v2/117867.jpg
ข้าวผัดกุ้ง,Mild,https://img-global.cpcdn.com/recipes/725b05b137e5b4c3/1200x630cq70/photo.jpg
ข้าวผัดปู,Mild,https://www.sgethai.com/wp-content/uploads/2023/05/AnyConv.com__62-7.webp
ข้าวคลุกกะปิ,Mild,https://f.ptcdn.info/380/070/000/qeex59x3yk4J1BTM44M-o.jpg
ไข่พะโล้,Mild,https://www.easycookingmenu.com/media/k2/items/cache/12b4a0ebdb2ebd7c2749eeab3df12810_XL.jpg
แกงเทโพเผ็ดน้อย,Mild,https://static.cdntap.com/tap-assets-prod/wp-content/uploads/sites/25/2022/02/Kaeng-Moo-Ta-Pho-lead.jpg
ปูผัดผงกะหรี่,Mild,https://s359.kapook.com/pagebuilder/2ee839a5-7cbb-48b7-9b05-31c2390f6478.jpg
ผัดผักบุ้งไฟแดง,Mild,https://img.kapook.com/u/2017/surauch/cooking/f1_20.jpg
ปลาหมึกผัดไข่เค็ม,Mild,https://s.isanook.com/wo/0/ud/12/64365/f.jpg
แกงมัสมั่นไก่,Mild,https://img.wongnai.com/p/1920x0/2020/01/21/af9c7e610c594f24a3a2b3c871900fde.jpg
ข้าวซอยไก่,Mild,https://www.unileverfoodsolutions.co.th/dam/global-ufs/mcos/SEA/calcmenu/recipes/TH-recipes/chicken-&-other-poultry-dishes/%E0%B8%82%E0%B9%89%E0%B8%B2%E0%B8%A7%E0%B8%8B%E0%B8%AD%E0%B8%A2%E0%B9%84%E0%B8%81%E0%B9%88/main-header.jpg
ผัดพริกหยวกไก่เผ็ดน้อย,Mild,https://s359.kapook.com/pagebuilder/7f8cc3bb-610e-44b6-9715-6ad387a621b0.jpg
ขนมจีนน้ำยา,Mild,https://img.wongnai.com/p/1920x0/2019/02/18/b5a6f26e61b0419f942c6aa099bd1bf7.jpg
แกงฟักทองหมู,Mild,https://s359.kapook.com/pagebuilder/f8f3ebe0-29aa-4451-bac6-bb15bed55d16.jpg
ต้มจืดผักกาดดอง,Mild,https://sou-dai.com/wp-content/uploads/2020/09/IMG_3209.jpg
ผัดผักรวมมิตร,Mild,https://www.sgethai.com/wp-content/uploads/2023/12/Stir-Fried-Mixed-Vegetables-ct3_result.webp
ปูหลน,Mild,https://f.ptcdn.info/122/004/000/1365865196-crapcurddi-o.jpg
หมูผัดพริกไทยดำ,Mild,https://f.ptcdn.info/745/071/000/qkdp6z8mmi0U5K783n7r-o.png
ขนมจีนซาวน้ำ,Mild,https://f.ptcdn.info/121/033/000/1436150804-IMG3467-o.jpg
ไข่ตุ๋นทรงเครื่อง,Mild,https://static.thairath.co.th/media/dFQROr7oWzulq5Fa5KwFFECRKOoXFGIMTHHnHXLlh8DQmxz6XVBPFLS3hfcjsACo7di.webp
ยำไข่ดาว,Mild,https://img-global.cpcdn.com/recipes/f0672c9bae0500b7/680x482cq70/%E0%B8%A3%E0%B8%9B-%E0%B8%AB%E0%B8%A5%E0%B8%81-%E0%B8%82%E0%B8%AD%E0%B8%87-%E0%B8%AA%E0%B8%95%E0%B8%A3-%E0%B8%A2%E0%B8%B3%E0%B9%84%E0%B8%82%E0%B8%94%E0%B8%B2%E0%B8%A7.jpg
แกงเผ็ดเป็ดย่าง,Mild,https://www.easycookingmenu.com/media/k2/items/cache/6423aed892dbf43714968caa3f627583_XL.jpg
ผัดไทยวุ้นเส้น,Mild,https://img.kapook.com/u/pirawan/Cooking1/pad%20thai%20grass%20noodle.jpg
ข้าวเหนียวหมูปิ้ง,Mild,https://www.smethailandclub.com/upload/startup/image/1685522169.jpeg
ปลาร้าบอง,Mild,https://www.sgethai.com/wp-content/uploads/2022/08/plara001.webp
ปลาทอดน้ำปลา,Mild,https://s359.kapook.com/pagebuilder/bf6e2840-9e31-444c-8ffd-fffc9a585d45.jpg
ข้าวหมกไก่,Mild,https://static.amarintv.com/images/upload/editor/source/Program/longpung-guide/guide9/kaomokkaikhunwut/kaomokkaikhunwut.jpg
ขนมจีนน้ำเงี้ยว,Mild,https://s359.kapook.com/pagebuilder/ac62b45a-f9e4-47c9-a02b-d13302cd2dae.jpg
ข้าวมันส้มตำ,Mild,https://img.kapook.com/u/2016/surauch/cook1/Kaowmansomtum37.jpg
แกงคั่วหอยขม,Mild,https://s359.kapook.com/pagebuilder/e8967290-4df6-471f-8d5e-796d2aafe483.jpg
น้ำพริกอ่อง,Mild,https://www.cpbrandsite.com/contents/recipe/peffimmelmu911akjova1z4wre2ercb4t3cqo4we.png
ไก่ทอดหาดใหญ่,Mild,https://www.sgethai.com/wp-content/uploads/2023/11/1_result-17.webp
น้ำพริกหนุ่ม,Mild,https://www.sgethai.com/wp-content/uploads/2023/10/%E0%B8%99%E0%B9%89%E0%B8%B3%E0%B8%9E%E0%B8%A3%E0%B8%B4%E0%B8%81%E0%B8%AB%E0%B8%99%E0%B8%B8%E0%B9%88%E0%B8%A1-2021-1.webp
หมูกรอบผัดพริกแกง,Mild,https://food.mthai.com/app/uploads/2019/05/Stir-Fried-Crispy-Pork-with-Red-Curry-17.jpg
ปลาดุกย่าง,Mild,https://www.praram9kaiyangrestaurant.com/wp-content/uploads/2020/11/571cf10d6fb3f.jpg
หมึกนึ่งมะนาว,Mild,https://s.isanook.com/wo/0/ud/16/82537/82537-thumbnail.jpg
ข้าวขาหมู,Mild,https://www.deksomboon.com/thumb.html?w=900&h=450&src=media_center/recipe/2016/3/10/6214/recipe6214201603105181.jpg&type=auto
ยำมะม่วง,Mild,https://img.wongnai.com/p/1920x0/2021/04/24/6ed31d72fdd449b09ea8a2ab4842286f.jpg
ไก่ย่าง,Mild,https://s359.kapook.com/pagebuilder/ddc49bfb-3258-46b1-af1a-accb2ba2217b.jpg
ก๋วยเตี๋ยวคั่วไก่,Mild,https://img.wongnai.com/p/1920x0/2019/06/17/52f225b766a946d89edbf34c98620bba.jpg
หมูผัดขิง,Mild,https://img-global.cpcdn.com/recipes/569e8e02ba31e210/1200x630cq70/photo.jpg
ผัดพริกขิงหมูกรอบ,Mild,https://www.pholfoodmafia.com/wp-content/uploads/2020/05/4Stir-Fried-Pork-Belly-Crisp-with-Red-Curry-and-Salted-Egg.jpg
แกงขี้เหล็ก,Mild,https://img.wongnai.com/p/1920x0/2017/09/13/1cbbeb8ed6da4821a2163dcf02a2a5e3.jpg
ปอเปี๊ยะทอด,Mild,https://www.firstpridethailand.com/static/5_TH_SpringRolls-8c34086ed9b0ca47faa63a0482693b5c.webp
แกงคั่วใบ,Mild,https://img.wongnai.com/p/1920x0/2017/12/18/a80a482799374f9cbdee4522966b3819.jpg
ข้าวหน้าไก่,Mild,https://img.wongnai.com/p/1968x0/2020/03/02/40a10bf88538437298257bcd98870983.jpg
ปลาร้าทรงเครื่อง,Mild,https://pim.in.th/images/all-side-dish-fish/pickled-fish/pickled-fish-with-vegetable-in-coconut-milk-04.JPG
ยำถั่วพู,Mild,https://img.wongnai.com/p/1920x0/2020/01/27/a2f59088558847c2992d065670350349.jpg
ปลานึ่งมะนาว,Mild,https://img.kapook.com/u/2016/surauch/cook1/fish5.jpg
ผัดเผ็ดหมูป่า,Mild,https://img-global.cpcdn.com/recipes/3cce2b2affe655c7/680x482cq70/%E0%B8%A3%E0%B8%9B-%E0%B8%AB%E0%B8%A5%E0%B8%81-%E0%B8%82%E0%B8%AD%E0%B8%87-%E0%B8%AA%E0%B8%95%E0%B8%A3-%E0%B8%9C%E0%B8%94%E0%B9%80%E0%B8%9C%E0%B8%94%E0%B8%AB%E0%B8%A1%E0%B8%9B%E0%B8%B2-%E0%B8%AA%E0%B8%95%E0%B8%A3%E0%B9%80%E0%B8%94%E0%B8%94.jpg
แกงเหลือง,Mild,https://sou-dai.com/wp-content/uploads/2019/12/031219.3.jpg
ยำวุ้นเส้นเผ็ดน้อย,Mild,https://wa-mitrpholsugar-new4-new5.azurewebsites.net/wp-content/uploads/2021/12/nov21982-1-scaled.jpg
ผัดไทย,Mild,https://s359.kapook.com/pagebuilder/bfd70b7d-7fe7-4ffd-b252-f1cbd6a1c37d.jpg
แหนมเนือง,Mild,https://s359.kapook.com/pagebuilder/7885be2a-6a42-415c-aebd-08c3ba1aa1a9.jpg
ข้าวคลุกกะปิ,Mild,https://static.thairath.co.th/media/dFQROr7oWzulq5Fa4u0apV8IPPprHzzY9HirMUtZ5IbbkqXn0DyPkzdvtvGvxo9TcMy.jpg
ต้มจืดหมูสับ,Mild,https://www.bloggang.com/data/dangerous-aunt/picture/1299851858.jpg
ไก่ผัดเม็ดมะม่วงหิมพานต์,Mild,https://img.wongnai.com/p/1920x0/2021/02/07/7160220f629b4d9cb3cbc486b565ed93.jpg
ข้าวผัดน้ำพริกลงเรือ,Mild,https://www.ajinomoto.co.th/storage/photos/shares/Recipe/Menu/lot2-7/6172a15e6c931.jpg
หมูมะนาว,Mild,https://www.sgethai.com/wp-content/uploads/2022/06/18042024-mhoomanao-001.webp
กุ้งผัดพริกไทยดำ,Mild,https://img.wongnai.com/p/1968x0/2023/04/13/f23f3bd9346b4ac29ecf0f84a39f4795.jpg
ข้าวต้มปลา,Mild,https://www.thammculture.com/wp-content/uploads/2023/03/Untitled-402.jpg
หมูผัดซอส,Mild,https://www.cpbrandsite.com/contents/recipe/szna93pg5eawwev9uv2teuwjf6xkd8qmy5r0qoqw.jpg
ยำตะไคร้เผ็ดน้อย,Mild,https://www.gourmetandcuisine.com/Images/editor_upload/_editor20180615033843_original.jpg
แกงคั่วกลิ้งหมูเผ็ดน้อย,Mild,https://i.ytimg.com/vi/XO0nu2N_Tx4/sddefault.jpg
หมูหวาน,Mild,https://i.ytimg.com/vi/W0Ci8CVKQUQ/hq720.jpg?sqp=-oaymwEhCK4FEIIDSFryq4qpAxMIARUAAAAAGAElAADIQj0AgKJD&rs=AOn4CLAob692tYWCO5uKzVrZxNin5sIIAg
ข้าวมันปู,Mild,https://www.aroizabb.com/wp-content/uploads/2017/11/khao-pad-mun-poo-02.jpg
ยำหมูยอเผ็ดน้อย,Mild,https://i.pinimg.com/originals/a4/e3/7f/a4e37f64705848e454b4b423c3ff7871.jpg
หมูทอดกระเทียมพริกไทย,Mild,https://www.unileverfoodsolutions.co.th/dam/global-ufs/mcos/SEA/calcmenu/recipes/TH-recipes/red-meats-&-red-meat-dishes/%E0%B8%AB%E0%B8%A1%E0%B8%B9%E0%B8%97%E0%B8%AD%E0%B8%94%E0%B8%81%E0%B8%A3%E0%B8%B0%E0%B9%80%E0%B8%97%E0%B8%B5%E0%B8%A2%E0%B8%A1/%E0%B8%AB%E0%B8%A1%E0%B8%B9%E0%B8%97%E0%B8%AD%E0%B8%94%E0%B8%81%E0%B8%A3%E0%B8%B0%E0%B9%80%E0%B8%97%E0%B8%B5%E0%B8%A2%E0%B8%A1_header.jpg
ไข่ลูกเขย,Mild,https://s.isanook.com/wo/0/ud/13/68865/68865-thumbnail.jpg
ผัดกะเพราหมูสับ,Mild,https://s.isanook.com/wo/0/ud/36/180929/f.jpg?ip/crop/w670h402/q80/jpg
ผัดผักกระเฉดหมูกรอบ,Mild,https://api2.krua.co/wp-content/uploads/2020/06/SlideBanner_RT0718_1140x507.jpg
ข้าวผัดหมู,Mild,https://clubthaifood.com/wp-content/uploads/2023/10/AnyConv.com__%E0%B8%82%E0%B9%89%E0%B8%B2%E0%B8%A7%E0%B8%9C%E0%B8%B1%E0%B8%94%E0%B8%AB%E0%B8%A1%E0%B8%B9.webp
ผัดเผ็ดปลาดุก,Mild,https://i.ytimg.com/vi/s7angnlugLg/hq720.jpg?sqp=-oaymwEhCK4FEIIDSFryq4qpAxMIARUAAAAAGAElAADIQj0AgKJD&rs=AOn4CLA15IxyeRB3RjIxGEBrTkq5yETBeA
หมูสับผัดน้ำมันหอย,Mild,https://img.wongnai.com/p/1968x0/2019/10/25/0ee6dc543deb4f46be10b0d344cd8a30.jpg
ผัดผักกวางตุ้ง,Mild,https://i.ytimg.com/vi/KFa-AeJbdYg/maxresdefault.jpg
ผัดดอกขจร,Mild,https://s359.kapook.com/pagebuilder/e4bde82f-0352-461b-8a37-0b99da5b2b0c.jpg
ข้าวไข่เจียว,Mild,https://f.ptcdn.info/689/035/000/1442885991-imagejpeg-o.jpg
ข้าวเหนียวไก่ทอด,Mild,https://api2.krua.co/wp-content/uploads/2024/03/Banner_1140x507-14.jpg
ข้าวมันปลา,Mild,https://api2.krua.co/wp-content/uploads/2020/06/SlideBanner1140x507-163.jpg
ไก่ผัดขิง,Mild,https://i.ytimg.com/vi/84XKf9V7fWA/maxresdefault.jpg
ข้าวเหนียวหมูทอด,Mild,https://yalamarketplace.com/upload/1660892740819.jpg
ต้มเลือดหมู,Mild,https://img.wongnai.com/p/1920x0/2022/08/10/9e62b2503f944c2c9fe12da9d27db36c.jpg
ผัดคะน้าหมูกรอบ,Mild,https://i.ytimg.com/vi/2s3pIDwdFJw/maxresdefault.jpg
ไข่เจียวดาว,Mild,https://api2.krua.co/wp-content/uploads/2021/01/RT1629_ImageBanner_1140x507.jpg
หมูผัดเปรี้ยวหวาน,Mild,https://img-global.cpcdn.com/recipes/1ea4a6ade6e3e6ce/1200x630cq70/photo.jpg
ผัดวุ้นเส้น,Mild,https://i.ytimg.com/vi/KzwKxIN4X0k/maxresdefault.jpg
ข้าวผัดกระเพราเผ็ดน้อย,Mild,https://f.ptcdn.info/104/051/000/optq0r3va516ac23t44-o.jpg
ไข่ต้มยำเผ็ดน้อย,Mild,https://shopee.co.th/blog/wp-content/uploads/2020/04/Shopee-Blog-%E0%B8%A2%E0%B8%B3%E0%B9%84%E0%B8%82%E0%B9%88%E0%B8%95%E0%B9%89%E0%B8%A1.jpg
เนื้อผัดพริกหยวก,Mild,https://i.ytimg.com/vi/oRgbtrEqbR4/maxresdefault.jpg
ผัดหมี่โคราช,Mild,https://s359.kapook.com/pagebuilder/e889e95b-5d6e-4b26-937b-6419c0897189.jpg
ข้าวหน้าไข่ข้น,Mild,https://f.ptcdn.info/002/078/000/rfthqz5kyxJmQAqK7rxM-o.jpg
หมูสับผัดถั่วฝักยาว,Mild,https://i.ytimg.com/vi/tpDxfgx3FXo/maxresdefault.jpg
ข้าวไข่ข้นกุ้ง,Mild,https://www.cpbrandsite.com/contents/recipe/be3vva3vsjjjww2xtpjd8urfq62o2usgdgajfdo4.png
ไก่ต้มขมิ้น,Mild,https://www.cpbrandsite.com/contents/recipe/pxwj4rjvhx6m6zqyfrgt4nre7vr6kz8hueo506hs.png
ลาบหมูเผ็ดกลาง,Medium,https://www.sgethai.com/wp-content/uploads/2022/08/Image10-2.webp
ส้มตำไทยเผ็ดกลาง,Medium,https://s359.kapook.com/pagebuilder/2d976efb-6441-4684-bd72-63da127bf141.jpg
น้ำตกหมูเผ็ดกลาง,Medium,https://img.kapook.com/u/wanwanat/Thai%20pork%20salad.jpg
ต้มยำกุ้งเผ็ดกลาง,Medium,https://d3h1lg3ksw6i6b.cloudfront.net/media/image/2023/04/24/5608757681874e1ea5df1aa41d5b2e3d_How_To_Make_Tom_Yam_Kung_The_Epitome_Of_Delicious_And_Nutritious_Thai_Cuisine3.jpg
แกงเขียวหวานไก่เผ็ดกลาง,Medium,https://f.ptcdn.info/329/068/000/q6eho837j6yTXOXAsDE-o.jpg
ข้าวผัดน้ำพริกกะปิ,Medium,https://img.wongnai.com/p/1920x0/2018/03/01/b234c014c06b4219b37f80bf6b999d2d.jpg
ยำวุ้นเส้นหมูสับ,Medium,https://img.wongnai.com/p/1920x0/2018/12/03/47232aba7bc544348542d0f7d7db16b8.jpg
ผัดเผ็ดหน่อไม้ไก่เผ็ดกลาง,Medium,https://www.bloggang.com/data/jazzy-bong/picture/1442035846.jpg
ต้มแซ่บกระดูกอ่อนเผ็ดกลาง,Medium,https://img.wongnai.com/p/1920x0/2020/05/26/51204c8ba3dd4f7096c69c46a246941b.jpg
ไก่ผัดพริกแกงเผ็ดกลาง,Medium,https://i.ytimg.com/vi/Oum76KWYnsE/maxresdefault.jpg
ผัดเผ็ดไก่เผ็ดน้อย,Medium,https://img.wongnai.com/p/1920x0/2019/06/03/e87a361c146c42209e0a90f7409597fb.jpg
ยำปลาดุกฟูเผ็ดกลาง,Medium,https://img.kapook.com/u/2017/surauch/cooking/e1_10.jpg
แกงป่าหมูเผ็ดกลาง,Medium,https://i.ytimg.com/vi/Q3bQSD3jsX4/hq720.jpg?sqp=-oaymwEhCK4FEIIDSFryq4qpAxMIARUAAAAAGAElAADIQj0AgKJD&rs=AOn4CLBff8Hr7Gg2shDPjNIMvo1If5SIJA
ผัดกะเพรากุ้งเผ็ดกลาง,Medium,https://food.mthai.com/app/uploads/2017/01/Kaproaw-Kung.jpg
แกงป่าไก่เผ็ดกลาง,Medium,https://www.easycookingmenu.com/media/k2/items/cache/60b645bc79a85e908e08f0f169fd8ecf_XL.jpg
ยำกุ้งสดเผ็ดกลาง,Medium,https://lh3.googleusercontent.com/proxy/y2hwcbSP3Jhdtksbsq3wd0eec5zXSVQ_pMhwOrS2D61NWDkqvFh-TVOtztmG-4Lb-AXcAdRpTY-kbBQ30UEIRiFvQNKi-8wuAqPY38dY7uMJBemezPxf1JdKAMPEpMB1UO7NcjCBTLCFEr6tWqxYgswyi1T5YLkv4BBNHaJ6z2c8CfTJzmRSKt3NzN6Hsd0fOEQ7VGWpF7jvfw_7dk2dMevY6buOjRUcjxhT7oLL
แกงป่าปลาเผ็ดกลาง,Medium,https://img.kapook.com/u/2017/surauch/cooking/n1_8.jpg
ข้าวผัดพริกแกงหมู,Medium,https://s359.kapook.com/pagebuilder/c53caceb-23a6-4072-85c8-1d9b86413a1b.jpg
ต้มแซ่บเนื้อเผ็ดกลาง,Medium,https://i.ytimg.com/vi/kxQ8_q-AF1Q/maxresdefault.jpg
ผัดพริกแกงถั่วฝักยาวหมูเผ็ดกลาง,Medium,https://i.ytimg.com/vi/vl20khoRVN8/sddefault.jpg
ผัดไทยกุ้งสดเผ็ดกลาง,Medium,https://img.wongnai.com/p/1968x0/2022/06/18/9218e1851f5a4e70b4e2782f3d1f8893.jpg
ยำหมูกรอบเผ็ดกลาง,Medium,https://www.unileverfoodsolutions.co.th/dam/global-ufs/mcos/SEA/calcmenu/recipes/TH-recipes/rice-dishes/ep5-%E0%B8%A2%E0%B8%B3%E0%B8%99%E0%B8%B1%E0%B8%A7%E0%B8%AB%E0%B8%A1%E0%B8%B9%E0%B9%81%E0%B8%95%E0%B8%81%E0%B8%A1%E0%B8%B1%E0%B8%99%E0%B9%84%E0%B8%82%E0%B9%88%E0%B9%81%E0%B8%94%E0%B8%87%E0%B9%80%E0%B8%84%E0%B9%87%E0%B8%A1-/EP5Spicy%20Crispy-Pork%20and-SaltedEgg2.jpg
ต้มยำปลาเผ็ดกลาง,Medium,https://s359.kapook.com/pagebuilder/36af325c-8bcf-45c7-9d1c-a90e46cf6611.jpg
ส้มตำปูปลาร้าเผ็ดกลาง,Medium,https://img-global.cpcdn.com/recipes/b48302d4bf74eb5a/680x482cq70/%E0%B8%A3%E0%B8%9B-%E0%B8%AB%E0%B8%A5%E0%B8%81-%E0%B8%82%E0%B8%AD%E0%B8%87-%E0%B8%AA%E0%B8%95%E0%B8%A3-%E0%B8%AA%E0%B8%A1%E0%B8%95%E0%B8%B3%E0%B8%9B%E0%B8%9B%E0%B8%A5%E0%B8%B2%E0%B8%A3%E0%B8%B2%E0%B8%AB%E0%B8%AD%E0%B8%A2%E0%B8%94%E0%B8%AD%E0%B8%87.jpg
น้ำตกเนื้อเผ็ดกลาง,Medium,https://fit-d.com/uploads/food/7911042ede0735b42ade83d1ad2d05c9.jpg
ข้าวยำปักษ์ใต้เผ็ดกลาง,Medium,https://p16-va.lemon8cdn.com/tos-alisg-v-a3e477-sg/5885a3dbe16541c1936ad179d9c58b7f~tplv-tej9nj120t-origin.webp
ยำหอยแครงเผ็ดกลาง,Medium,https://img.wongnai.com/p/1968x0/2018/08/17/89fb8db9e6274d8784c4d36d231a0e22.jpg
ผัดเผ็ดกบเผ็ดกลาง,Medium,https://i.ytimg.com/vi/gO-K1pL3Bp8/sddefault.jpg
ยำสามกรอบเผ็ดกลาง,Medium,https://i.ytimg.com/vi/THJVKRHPK6Q/maxresdefault.jpg
แกงไตปลาเผ็ดกลาง,Medium,https://api2.krua.co/wp-content/uploads/2022/04/RT1713_ImageBanner_1140x507.jpg
ต้มแซ่บเอ็นหมูเผ็ดกลาง,Medium,https://i.ytimg.com/vi/Vkp6NahuFBc/hq720.jpg?sqp=-oaymwEhCK4FEIIDSFryq4qpAxMIARUAAAAAGAElAADIQj0AgKJD&rs=AOn4CLCnon_Ld0Q7v4rY8RS7Ozmr9NaaBQ
ยำรวมมิตรทะเลเผ็ดกลาง,Medium,https://img-global.cpcdn.com/recipes/5cdc14bcd417181d/1200x630cq70/photo.jpg
ข้าวผัดพริกขี้หนูเผ็ดกลาง,Medium,https://i.pinimg.com/736x/f1/37/df/f137dfab853c66ec405fda5aa854779c.jpg
ต้มแซ่บตีนไก่เผ็ดกลาง,Medium,https://i.ytimg.com/vi/OYSC0PHIq4I/maxresdefault.jpg
ยำไข่แมงดาเผ็ดกลาง,Medium,https://food.mthai.com/app/uploads/2017/01/iStock-531850988.jpg
ยำหมูยอเผ็ดกลาง,Medium,https://img.wongnai.com/p/1920x0/2019/11/19/b12451eebc7a4b08887217b7e50c1397.jpg
แกงป่าเห็ดเผ็ดกลาง,Medium,https://s.isanook.com/wo/0/ud/37/188825/food.jpg?ip/resize/w850/q80/jpg
ยำไข่แดงเค็มเผ็ดกลาง,Medium,https://img.wongnai.com/p/1920x0/2019/03/23/27e23856fcb14c55a18b0dbc8d3c4b0d.jpg
แกงเผ็ดไก่เผ็ดกลาง,Medium,https://www.thaistreetfoods.net/wp-content/uploads/2016/08/%E0%B9%81%E0%B8%81%E0%B8%87%E0%B9%80%E0%B8%9C%E0%B9%87%E0%B8%94%E0%B9%84%E0%B8%81%E0%B9%88-700x466.jpg
ต้มยำปลาทูเผ็ดกลาง,Medium,https://www.unileverfoodsolutions.co.th/dam/global-ufs/mcos/SEA/calcmenu/recipes/TH-recipes/fish-&-other-seafood-dishes/%E0%B8%95%E0%B9%89%E0%B8%A1%E0%B8%A2%E0%B8%B3%E0%B8%9B%E0%B8%A5%E0%B8%B2%E0%B8%97%E0%B8%B9/%E0%B8%95%E0%B9%89%E0%B8%A1%E0%B8%A2%E0%B8%B3%E0%B8%9B%E0%B8%A5%E0%B8%B2%E0%B8%97%E0%B8%B9_header.jpg
ผัดเผ็ดหมูกรอบเผ็ดกลาง,Medium,https://reds4families.com/wp-content/uploads/2023/05/cooking-1-1024x576.jpg
แกงเผ็ดปลาดุกเผ็ดกลาง,Medium,https://s359.kapook.com/r/600/auto/pagebuilder/65675b48-0c7f-40de-9864-f7970a0fb00d.jpg
ต้มยำเห็ดเผ็ดกลาง,Medium,https://huasenghong.co.th/wp-content/uploads/2019/03/%E0%B9%80%E0%B8%88-%E0%B8%95%E0%B9%89%E0%B8%A1%E0%B8%A2%E0%B8%B3%E0%B9%80%E0%B8%AB%E0%B9%87%E0%B8%94.png
แกงเผ็ดหมูเผ็ดกลาง,Medium,https://img.wongnai.com/p/1920x0/2019/03/10/e0a3e498f16241a78de86679ed49be3f.jpg
ยำปลากระป๋องเผ็ดกลาง,Medium,https://f.ptcdn.info/171/064/000/ps3e23hr5OpN5lWZGaM-o.jpg
ยำไก่ย่างเผ็ดกลาง,Medium,https://img.wongnai.com/p/1920x0/2020/05/21/d35284e4befe4ace94f5e61c733aaed7.jpg
ยำปลาแซลมอนเผ็ดกลาง,Medium,https://www.gourmetandcuisine.com/Images/cooking/recipes/recipe_723detail.jpg
แกงป่ากุ้งเผ็ดกลาง,Medium,https://img-global.cpcdn.com/recipes/bec60e33ad4bd2a4/680x482cq70/%E0%B8%A3%E0%B8%9B-%E0%B8%AB%E0%B8%A5%E0%B8%81-%E0%B8%82%E0%B8%AD%E0%B8%87-%E0%B8%AA%E0%B8%95%E0%B8%A3-%E0%B9%81%E0%B8%81%E0%B8%87%E0%B8%9B%E0%B8%B2%E0%B8%81%E0%B8%87.jpg
ข้าวผัดน้ำพริกนรกเผ็ดกลาง,Medium,https://i.ytimg.com/vi/lCpUyGd-2CI/maxresdefault.jpg
ผัดเผ็ดเนื้อเผ็ดกลาง,Medium,https://i.ytimg.com/vi/gWy__5cVqQQ/maxresdefault.jpg
ต้มแซ่บทะเลเผ็ดกลาง,Medium,https://img.wongnai.com/p/1968x0/2019/07/09/8fe7fe79bd634071883e4139edf8f098.jpg
ผัดเผ็ดปลาหมึกเผ็ดกลาง,Medium,https://i.ytimg.com/vi/1tuPh6zKoRs/hq720.jpg?sqp=-oaymwEhCK4FEIIDSFryq4qpAxMIARUAAAAAGAElAADIQj0AgKJD&rs=AOn4CLAfeYu9CXiIrMDvRKyEZFXZGjn20w
แกงคั่วกุ้งเผ็ดกลาง,Medium,https://www.bloggang.com/data/kesornmart/picture/1284863569.jpg
ยำปลาทูเผ็ดกลาง,Medium,https://food.mthai.com/app/uploads/2017/02/Salad-mackerel.jpg
ต้มยำทะเลเผ็ดกลาง,Medium,https://i.ytimg.com/vi/tvt2HgBkGso/maxresdefault.jpg
ผัดกะเพราปลาเผ็ดกลาง,Medium,https://f.ptcdn.info/348/078/000/rhm6xm23q872irVe3nlJ4-o.jpg
ยำหมูสับเผ็ดกลาง,Medium,https://i.ytimg.com/vi/CqE_S_j3dKY/maxresdefault.jpg
แกงไก่ใส่หน่อไม้,Medium,https://i.ytimg.com/vi/51h0PgykOA4/maxresdefault.jpg
ข้าวผัดน้ำพริกปลาทู,Medium,https://www.unileverfoodsolutions.co.th/dam/global-ufs/mcos/SEA/calcmenu/recipes/TH-recipes/rice-dishes/%E0%B8%82%E0%B9%89%E0%B8%B2%E0%B8%A7%E0%B8%9C%E0%B8%B1%E0%B8%94%E0%B8%99%E0%B9%89%E0%B8%B3%E0%B8%9E%E0%B8%A3%E0%B8%B4%E0%B8%81%E0%B8%81%E0%B8%B0%E0%B8%9B%E0%B8%B4/%E0%B8%82%E0%B9%89%E0%B8%B2%E0%B8%A7%E0%B8%9C%E0%B8%B1%E0%B8%94%E0%B8%99%E0%B9%89%E0%B8%B3%E0%B8%9E%E0%B8%A3%E0%B8%B4%E0%B8%81%E0%B8%81%E0%B8%B0%E0%B8%9B%E0%B8%B4_header.jpg
ผัดเผ็ดไก่บ้านเผ็ดกลาง,Medium,https://i.ytimg.com/vi/5yhyIF68RK8/maxresdefault.jpg
ยำกุ้งแห้งเผ็ดกลาง,Medium,https://s359.kapook.com/pagebuilder/1395053b-27b3-462a-8cbd-2f80d62eda96.jpg
แกงคั่วหมูเผ็ดกลาง,Medium,https://i.ytimg.com/vi/LqNKe924m1k/maxresdefault.jpg
ต้มแซ่บกระดูกหมูเผ็ดกลาง,Medium,https://i.ytimg.com/vi/H0LQX5IPfkU/maxresdefault.jpg
ผัดเผ็ดปลาดุกฟูเผ็ดกลาง,Medium,https://i.pinimg.com/originals/f2/a5/ed/f2a5edd9df178468f306faf16d91e871.jpg
ยำปูม้าเผ็ดกลาง,Medium,https://i.ytimg.com/vi/pxgD7XbVL24/maxresdefault.jpg
แกงเผ็ดเป็ดย่างเผ็ดกลาง,Medium,https://www.sgethai.com/wp-content/uploads/2022/09/220914-Content-%E0%B8%A7%E0%B8%B4%E0%B8%98%E0%B8%B5%E0%B8%97%E0%B8%B3%E0%B9%81%E0%B8%81%E0%B8%87%E0%B9%80%E0%B8%9C%E0%B9%87%E0%B8%94%E0%B9%80%E0%B8%9B%E0%B9%87%E0%B8%94%E0%B8%A2%E0%B9%88%E0%B8%B2%E0%B8%8702.webp
ต้มยำกบเผ็ดกลาง,Medium,https://www.eattourthai.com/wp-content/uploads/2021/10/tom-yum-kob.jpg
ผัดเผ็ดปลาหมึกยักษ์เผ็ดกลาง,Medium,https://f.ptcdn.info/614/055/000/p2edu52xv6cJW6A0bze-o.jpg
แกงคั่วปลากระเบนเผ็ดกลาง,Medium,https://lh3.googleusercontent.com/proxy/6seTgM7kWzEc3o4XQM8b-nYrlsRi_6vOnu0ItCFtX2nrQLg0nOMesftwoj3ugq7MxOyJeLynwjfFOVo36uGvgBxV6zfiABlzdesGKk3XQDfwPukzYk5yTv6GIcUT_sDYzDk0QYsxTg
ยำมะเขือยาวเผ็ดกลาง,Medium,https://food.mthai.com/app/uploads/2019/02/Spicy-Grilled-Eggplant-Salads.jpg
ต้มแซ่บปลาช่อนเผ็ดกลาง,Medium,https://i.ytimg.com/vi/mQWCS8bkg-Q/maxresdefault.jpg
ผัดเผ็ดปีกไก่เผ็ดกลาง,Medium,https://p16-va.lemon8cdn.com/tos-alisg-v-a3e477-sg/bc7cd2d51a6c420ca142cde05e44bdb1~tplv-tej9nj120t-origin.webp
แกงคั่วเห็ดเผ็ดกลาง,Medium,https://img-global.cpcdn.com/recipes/c15946be3222afad/680x482cq70/%E0%B8%A3%E0%B8%9B-%E0%B8%AB%E0%B8%A5%E0%B8%81-%E0%B8%82%E0%B8%AD%E0%B8%87-%E0%B8%AA%E0%B8%95%E0%B8%A3-%E0%B9%81%E0%B8%81%E0%B8%87%E0%B8%84%E0%B8%A7%E0%B9%80%E0%B8%AB%E0%B8%94%E0%B8%96%E0%B8%AD%E0%B8%9A.jpg
ยำหอยแมลงภู่เผ็ดกลาง,Medium,https://img.wongnai.com/p/400x0/2020/05/11/196c76ae2bbf417f81b296e0e12342a6.jpg
ต้มแซ่บกระเพาะหมูเผ็ดกลาง,Medium,https://www.pueasukkapab.com/wp-content/uploads/2023/05/%E0%B8%95%E0%B9%89%E0%B8%A1%E0%B8%81%E0%B8%A3%E0%B8%B0%E0%B9%80%E0%B8%9E%E0%B8%B2%E0%B8%B0%E0%B8%AB%E0%B8%A1%E0%B8%B9-4.webp
ผัดเผ็ดกระดูกหมูเผ็ดกลาง,Medium,https://f.ptcdn.info/498/071/000/qjau2o6j9wcwi1ie0zoB-o.jpg
แกงเผ็ดหมูย่างเผ็ดกลาง,Medium,https://i.ytimg.com/vi/74tFmH5Qmjw/hq720.jpg?sqp=-oaymwEhCK4FEIIDSFryq4qpAxMIARUAAAAAGAElAADIQj0AgKJD&rs=AOn4CLCcAeuhkhAaHy1X2RGsJmYugIpO3w
ยำเนื้อย่างเผ็ดกลาง,Medium,https://i.ytimg.com/vi/vL4yOyvIIpw/maxresdefault.jpg
ต้มยำไก่บ้านเผ็ดกลาง,Medium,https://img.wongnai.com/p/1920x0/2023/03/29/6030d09f0f3b4c9d9b0a124d9f10bc9a.jpg
ผัดเผ็ดหอยลายเผ็ดกลาง,Medium,https://i.ytimg.com/vi/A7GhOsROyzM/maxresdefault.jpg
แกงคั่วเนื้อเผ็ดกลาง,Medium,https://i.ytimg.com/vi/9km3ESr9NYw/maxresdefault.jpg
ยำไส้กรอกเผ็ดกลาง,Medium,https://i.ytimg.com/vi/m9fPpS32JP8/maxresdefault.jpg
ต้มแซ่บปลาหมึกเผ็ดกลาง,Medium,https://img.wongnai.com/p/1920x0/2019/01/18/b5f2b5571be24dbe9cbf5729a14e1ffc.jpg
ผัดเผ็ดตับหมูเผ็ดกลาง,Medium,https://i.ytimg.com/vi/_UdY6Q2il04/maxresdefault.jpg
แกงคั่วหมูย่างเผ็ดกลาง,Medium,https://img.kapook.com/u/2016/surauch/cook1/Khangkua12.jpg
ยำกุนเชียงเผ็ดกลาง,Medium,https://f.ptcdn.info/886/064/000/pub2wjiak13judPC6OO-o.jpg
ต้มยำหอยแมลงภู่เผ็ดกลาง,Medium,https://i.ytimg.com/vi/Gs6hkNfWUOU/sddefault.jpg
ผัดเผ็ดลูกชิ้นปลาเผ็ดกลาง,Medium,https://i.ytimg.com/vi/AOKdiXJTEZ4/maxresdefault.jpg
แกงคั่วปลาดุกเผ็ดกลาง,Medium,https://i.ytimg.com/vi/nAjNWMiQgho/maxresdefault.jpg
ยำหอยนางรมเผ็ดกลาง,Medium,https://img-global.cpcdn.com/recipes/b6d7e7ab0ab929e6/680x482cq70/%E0%B8%A3%E0%B8%9B-%E0%B8%AB%E0%B8%A5%E0%B8%81-%E0%B8%82%E0%B8%AD%E0%B8%87-%E0%B8%AA%E0%B8%95%E0%B8%A3-%E0%B8%A2%E0%B8%B3%E0%B8%AB%E0%B8%AD%E0%B8%A2%E0%B8%99%E0%B8%B2%E0%B8%87%E0%B8%A3%E0%B8%A1%E0%B8%97%E0%B8%A3%E0%B8%87%E0%B9%80%E0%B8%84%E0%B8%A3%E0%B8%AD%E0%B8%87.jpg
ต้มแซ่บหอยลายเผ็ดกลาง,Medium,https://cheewajit.com/app/uploads/2016/12/%E0%B9%82%E0%B8%9B%E0%B9%8A%E0%B8%B0%E0%B8%99%E0%B8%B5%E0%B9%89%E0%B8%A1%E0%B8%B5%E0%B9%81%E0%B8%95%E0%B9%88%E0%B8%AB%E0%B8%AD%E0%B8%A2-01.jpg
ผัดเผ็ดหอยเชลล์เผ็ดกลาง,Medium,https://aowtakiabseafood.com/delivery/wp-content/uploads/2019/06/2-19.jpg
แกงคั่วหอยแมลงภู่,Medium,https://i.ytimg.com/vi/1jMDH16zWnE/maxresdefault.jpg
ยำหน่อไม้เผ็ดกลาง,Medium,https://primary.jwwb.nl/public/o/a/m/temp-vlvatqftbqsvyrypfolu/81nymn/356610930_1014927493218179_6096916787144303439_n-1.jpg
แกงส้มผักรวมเผ็ดกลาง,Medium,https://www.matichonweekly.com/wp-content/uploads/2024/01/%E0%B9%81%E0%B8%81%E0%B8%87%E0%B8%AA%E0%B9%89%E0%B8%A1-2266.jpg
ผัดเผ็ดลูกชิ้นกุ้งเผ็ดกลาง,Medium,https://i.ytimg.com/vi/DWyUhysnFNM/maxresdefault.jpg
แกงคั่วลูกชิ้นปลาเผ็ดกลาง,Medium,https://img-global.cpcdn.com/recipes/c29482da754abb0a/680x482cq70/%E0%B8%A3%E0%B8%9B-%E0%B8%AB%E0%B8%A5%E0%B8%81-%E0%B8%82%E0%B8%AD%E0%B8%87-%E0%B8%AA%E0%B8%95%E0%B8%A3-%E0%B9%81%E0%B8%81%E0%B8%87%E0%B9%80%E0%B8%9C%E0%B8%94%E0%B8%A5%E0%B8%81%E0%B8%8A%E0%B8%99%E0%B8%9B%E0%B8%A5%E0%B8%B2%E0%B8%81%E0%B8%A3%E0%B8%B2%E0%B8%A2.jpg
ยำขนมจีนเผ็ดกลาง,Medium,https://static.thairath.co.th/media/dFQROr7oWzulq5Fa5x5oU7uhdPfbSDbQn0dtr7Moyqpx3sp2b06X2sijl220XAOscyP.jpg
ต้มแซ่บปลากะพงเผ็ดกลาง,Medium,https://img.kapook.com/u/2017/surauch/cooking/n1_10.jpg
ผัดเผ็ดหมูป่าเผ็ดกลาง,Medium,https://i.ytimg.com/vi/e_dua8K8bYU/maxresdefault.jpg
แกงป่าไก่,Hot ,https://i.ytimg.com/vi/_FgV5MtpizA/maxresdefault.jpg
ต้มยำปลาทู,Hot ,https://img-global.cpcdn.com/recipes/d79ae43ed37668f0/680x482cq70/%E0%B8%A3%E0%B8%9B-%E0%B8%AB%E0%B8%A5%E0%B8%81-%E0%B8%82%E0%B8%AD%E0%B8%87-%E0%B8%AA%E0%B8%95%E0%B8%A3-%E0%B8%95%E0%B8%A1%E0%B8%A2%E0%B8%B3%E0%B8%9B%E0%B8%A5%E0%B8%B2%E0%B8%97%E0%B9%83%E0%B8%99%E0%B8%99%E0%B8%B3%E0%B8%A1%E0%B8%B0%E0%B8%82%E0%B8%B2%E0%B8%A1.jpg
ยำถั่วพลู,Hot ,https://fit-d.com/uploads/food/eedf4c8464015d4b543c2d3bc9221cbe.jpg
แกงส้มผักรวม,Hot ,https://www.matichonweekly.com/wp-content/uploads/2024/01/%E0%B9%81%E0%B8%81%E0%B8%87%E0%B8%AA%E0%B9%89%E0%B8%A1-2266.jpg
ผัดเผ็ดหมูป่า,Hot ,https://i.ytimg.com/vi/e_dua8K8bYU/maxresdefault.jpg
ยำสามกรอบ,Hot ,https://s359.kapook.com/pagebuilder/5d564c08-3f2d-40d9-b709-e5bdb34f25b6.jpg
ต้มเล้ง,Hot ,https://i.ytimg.com/vi/Ik2f0zztjho/sddefault.jpg
แกงเผ็ดลูกชิ้นปลา,Hot ,https://i.ytimg.com/vi/Ik2f0zztjho/sddefault.jpg
ส้มตำปูปลาร้า,Hot ,https://img.wongnai.com/p/1920x0/2020/03/30/254cee3ed05f4bfcaacd0e189659c8b7.jpg
ผัดฉ่าปลาดุก,Hot ,https://i.ytimg.com/vi/n6jCffPtme0/maxresdefault.jpg
ยำไข่แดงเค็ม,Hot ,https://img.wongnai.com/p/1968x0/2019/05/13/121bace9942d45579106fdbc39536764.jpg
แกงป่าหมูป่า,Hot ,https://img.wongnai.com/p/1920x0/2018/05/08/80b867bfcda845c3b7426391e6c44686.jpg
ผัดพริกแกงเนื้อ,Hot ,https://i.ytimg.com/vi/gWy__5cVqQQ/maxresdefault.jpg
ต้มยำปลานิล,Hot ,https://i.ytimg.com/vi/vtR3jZ3x4AE/maxresdefault.jpg
ยำหอยแครง,Hot ,https://img.wongnai.com/p/1968x0/2019/08/06/6831c253dd5f4a7aa68507399dbad984.jpg
แกงคั่วเห็ดเผาะ,Hot ,https://www.pholfoodmafia.com/wp-content/uploads/2020/06/5Earthstar-and-Grilled-Pork-Curry.jpg
ผัดเผ็ดปลาดุกฟู,Hot ,https://i.pinimg.com/originals/f2/a5/ed/f2a5edd9df178468f306faf16d91e871.jpg
แกงป่าลูกชิ้นปลากราย,Hot ,https://เมนู.net/media/images/recipe/%E0%B9%81%E0%B8%81%E0%B8%87%E0%B8%9B%E0%B9%88%E0%B8%B2%E0%B8%A5%E0%B8%B9%E0%B8%81%E0%B8%8A%E0%B8%B4%E0%B9%89%E0%B8%99%E0%B8%9B%E0%B8%A5%E0%B8%B2%E0%B8%81%E0%B8%A3%E0%B8%B2%E0%B8%A2.jpg
ยำผักบุ้งกรอบ,Hot ,https://s359.kapook.com/pagebuilder/eec93bcf-f55d-4120-ba53-7bf758b67c45.jpg
ต้มแซ่บปลาหมึก,Hot ,https://i.ytimg.com/vi/aSx1T1e8co0/maxresdefault.jpg
ต้มเล้งเอ็นแก้ว,Hot ,https://i.ytimg.com/vi/DC2EZAhElCg/sddefault.jpg
ผัดเผ็ดปลาหมึกยักษ์,Hot ,https://img.wongnai.com/p/1920x0/2019/01/17/c12587713ceb4b6fb9d20f38ba86d857.jpg
ยำปูม้า,Hot ,https://static.thairath.co.th/media/dFQROr7oWzulq5Fa5nGZKMaw4C6AGk3sez8zqFkDZc7V6XG24JKaEZOzTCsp0hfjccY.jpg
แกงคั่วเนื้อปู,Hot ,https://f.ptcdn.info/434/071/000/qj03vk72soQ3Qb7t3hYz-o.png
ผัดเผ็ดหน่อไม้ดอง,Hot ,https://i.ytimg.com/vi/UJH0KvYWHtg/hq720.jpg?sqp=-oaymwEhCK4FEIIDSFryq4qpAxMIARUAAAAAGAElAADIQj0AgKJD&rs=AOn4CLBtS1YzBlAWzVMu_giNKGFeNNijjw
ยำไข่แมงดา,Hot ,https://pbs.twimg.com/media/EROqKtgVAAIk0Bc.jpg
คั่วกลิ้ง,Hot ,https://i.ytimg.com/vi/3mMmO3yLh0I/maxresdefault.jpg
แกงคั่วพริกแกงหมู,Hot ,https://img-global.cpcdn.com/recipes/c75becc2cec91be5/1200x630cq70/photo.jpg
ยำไข่ปลา,Hot ,https://www.easycookingmenu.com/media/k2/items/cache/7a228714f4820898f86713f5349e7364_XL.jpg
แกงไตปลา,Hot ,https://www.easycookingmenu.com/media/k2/items/cache/8da476f72f06a276b1f930cdb28c21f1_XL.jpg
แกงคั่วผักกูด,Hot ,https://www.thaistreetfoods.net/wp-content/uploads/2016/12/S03%E0%B9%81%E0%B8%81%E0%B8%87%E0%B8%84%E0%B8%B1%E0%B9%88%E0%B8%A7%E0%B8%9C%E0%B8%B1%E0%B8%81%E0%B8%81%E0%B8%B9%E0%B8%94_edit.jpg
ยำปลาดุกฟู,Hot ,https://s.isanook.com/wo/0/ud/37/185889/food.jpg
ต้มแซ่บเนื้อ,Hot ,https://i.ytimg.com/vi/0UXhFRTd47A/maxresdefault.jpg
แกงคั่วพริกแกงไก่,Hot ,https://p16-va.lemon8cdn.com/tos-alisg-v-a3e477-sg/d7485b4c46ab47a5ba70fcf112617e85~tplv-tej9nj120t-origin.webp
ยำไข่เค็ม,Hot ,https://i.ytimg.com/vi/vQXUzWGbr0Q/maxresdefault.jpg
ผัดเผ็ดหอยแครง,Hot ,https://f.ptcdn.info/729/069/000/qbn5dj109n0IyUnq9ckF-o.jpg
แกงป่ากบ,Hot ,https://i.ytimg.com/vi/Ox0fDOL2BGg/maxresdefault.jpg
ยำแหนมสด,Hot ,https://vancouverthai.com/wp-content/uploads/2019/01/fermented-pork-spicy-salad-768x768.jpg
ต้มแซ่บปลา,Hot ,https://i.ytimg.com/vi/rgGp2Y_VD0o/maxresdefault.jpg
แกงคั่วเนื้อวัว,Hot ,https://i.ytimg.com/vi/tmO8hHnTGVA/maxresdefault.jpg
ยำไก่แซ่บ,Hot ,https://img.kapook.com/u/2016/surauch/Mix/a1.jpg
ผัดเผ็ดหอยลาย,Hot ,https://p16-va.lemon8cdn.com/tos-alisg-v-a3e477-sg/c37efecbf4f749a8bb989428b2da2145~tplv-tej9nj120t-origin.webp
กระเพราปากแตก,Hot ,https://img.wongnai.com/p/1920x0/2021/11/07/56e2ee4fcbf24959aad86c54497185a2.jpg
ยำหมูยอแซ่บ,Hot ,https://i.ytimg.com/vi/ilZH72yuDgE/maxresdefault.jpg
ต้มแซ่บทะเล,Hot ,https://food.mthai.com/app/uploads/2018/07/Hot-and-sour-seafood-soup.jpg
แกงคั่วปลาทูน่า,Hot ,https://us-fbcloud.net/wb/data/989/989022-img.s25efy.8p.jpg
ยำไข่ปู,Hot ,https://f.ptcdn.info/453/077/000/rcu3shd352KyT5zVdRZ-o.jpg
ผัดเผ็ดปลาหมึกไข่,Hot ,https://i.ytimg.com/vi/4zwoF_W1Em0/maxresdefault.jpg
หมึกคั่วพริกเกลือ,Hot ,https://s359.kapook.com/pagebuilder/baf9ba53-2f25-41a4-8bff-535707c270d3.jpg
ยำคอหมูย่าง,Hot ,https://foodallergytalk.com/wp-content/uploads/2020/11/82826436_2789399501129958_5910326542092730368_o.jpg
ต้มแซ่บกระเพาะปลา,Hot ,https://www.hongthongrice.com/v2/wp-content/uploads/2017/05/HTR-Spicy-pork-Cover.jpg
แกงคั่วพริกแกงปลาซิว,Hot ,https://img-global.cpcdn.com/recipes/93f32fa02d107c8d/1200x630cq70/photo.jpg
ไข่ตุ่นต้มยำ,Hot ,https://www.kruamoomoo.com/wp-content/uploads/2015/03/kai-toon-tom-yum-goong-10062.jpg
ยำไข่ปลาริวกิว,Hot ,https://img.wongnai.com/p/1920x0/2021/03/16/bb4d81f8f25b48a4a1f965e8ffe2b92f.jpg
แกงป่าหอยแครง,Hot ,https://www.easycookingmenu.com/media/k2/items/cache/48e356cffadcfae02e8c0dc7e82338a0_XL.jpg
ยำกุ้งเต้น,Hot ,https://f.ptcdn.info/347/041/000/o4soilbrc4TVvTqyyr4-o.jpg
ผัดเผ็ดกบ,Hot ,https://i.pinimg.com/originals/37/2c/94/372c94a622e1a202b46b6a584753ae51.jpg
ยำหูหมู,Hot ,https://i.ytimg.com/vi/15MhHG2HNTg/maxresdefault.jpg
ยำปูไข่ดอง,Hot ,https://www.easycookingmenu.com/media/k2/items/cache/abf584041f321d5f52601632cbc05493_XL.jpg
ผัดเผ็ดปลาดุกกรอบ,Hot ,https://www.easycookingmenu.com/media/k2/items/cache/2fe3e76a66d4105790a62f68d8e5622a_XL.jpg
แกงป่าเนื้อ,Hot ,https://variety.teenee.com/foodforbrain/img5/69354.jpg
ยำปลาอินทรีย์,Hot ,https://img-global.cpcdn.com/recipes/e958ced7375b2bc3/1200x630cq70/photo.jpg
ต้มแซ่บหมูย่าง,Hot ,https://www.maeban.co.th/upload_images/image/features/4Tomzaap/Tomzapkiyang.jpg
แกงคั่วปลากราย,Hot ,https://www.bloggang.com/data/n/nernnam/picture/1488366872.jpg
ยำหมูแซ่บ,Hot ,https://foodallergytalk.com/wp-content/uploads/2020/11/82826436_2789399501129958_5910326542092730368_o.jpg
ผัดเผ็ดปลานิล,Hot ,https://www.pim.in.th/images/all-side-dish-fish/stir-fried-fish-with-chili-sauce/0110.jpg
ยำปลากรอบ,Hot ,https://www.pim.in.th/images/all-thai-dessert/spicy-mango-salad/spicy-mango-salad-24.JPG
ยำหอยเชลล์,Hot ,https://img.wongnai.com/p/1920x0/2019/12/04/611838f4703a4289995dc71af7a83488.jpg
ผัดฉ่าปลากระพง,Hot ,https://www.unileverfoodsolutions.co.th/dam/global-ufs/mcos/SEA/calcmenu/recipes/TH-recipes/fish-&-other-seafood-dishes/%E0%B8%9C%E0%B8%B1%E0%B8%94%E0%B8%89%E0%B9%88%E0%B8%B2%E0%B8%9B%E0%B8%A5%E0%B8%B2%E0%B8%AA%E0%B8%A1%E0%B8%B8%E0%B8%99%E0%B9%84%E0%B8%9E%E0%B8%A3/main-header.jpg
แกงป่าปลาช่อน,Hot ,https://img.wongnai.com/p/1920x0/2020/05/01/0fc2f7bed7864d89a58023fffbab48a7.jpg
ยำมะม่วงแซ่บ,Hot ,https://f.ptcdn.info/852/011/000/1383811951-DSC0809pt-o.jpg
ผัดเผ็ดหน่อไม้สด,Hot ,https://p16-va.lemon8cdn.com/tos-alisg-v-a3e477-sg/osEBARB1z9yINC9AMCzvhEOvQW92hqfgAMZeLQ~tplv-tej9nj120t-origin.webp
แกงคั่วปูทะเล,Hot ,https://www.pholfoodmafia.com/wp-content/uploads/2020/06/5Crab-and-Bamboo-Shoot-Curry.jpg
ยำหมูแซ่บ,Hot ,https://foodallergytalk.com/wp-content/uploads/2020/11/82826436_2789399501129958_5910326542092730368_o.jpg
ต้มแซ่บกระดูกไก่,Hot ,https://i.ytimg.com/vi/H0LQX5IPfkU/hq720.jpg?sqp=-oaymwEhCK4FEIIDSFryq4qpAxMIARUAAAAAGAElAADIQj0AgKJD&rs=AOn4CLAZYJ0gVpdcHQtwAxA94QmM209ddA
แกงป่าไก่บ้าน,Hot ,https://s359.kapook.com/pagebuilder/ea894e14-f941-416e-a02a-089d8d9ea86b.jpg
ยำตีนไก่,Hot ,https://img.kapook.com/u/2016/surauch/movie4/u7.jpg
ผัดเผ็ดเนื้อจระเข้,Hot ,https://img.wongnai.com/p/400x0/2019/07/12/8c09e96e17494c5cbdda26c3f420e7a9.jpg
แกงป่าหมูสามชั้น,Hot ,https://img.wongnai.com/p/1920x0/2019/04/16/2c4582cfd68b41d1b0a9da4aecdc1d0c.jpg
อ่อมเนื้อ,Hot ,https://img.wongnai.com/p/1920x0/2020/06/27/dc8fd1d316d343fdbec5afc5d29aa46b.jpg
ผัดเผ็ดสะตอ,Hot ,https://img.wongnai.com/p/1968x0/2019/09/10/274ab62f460a419992afab5c6e5cafce.jpg
แกงคั่วปลาดุกนา,Hot ,https://s359.kapook.com/r/600/auto/pagebuilder/41e7f564-77a4-4d77-abef-e29a05800fc9.jpg
ยำปลากระป๋อง,Hot ,https://img.wongnai.com/p/1920x0/2018/05/08/bf633e9d53974fe8b13575ba97f981e0.jpg
ผัดเผ็ดปลาสลิด,Hot ,https://s.isanook.com/wo/0/ud/36/180397/f.jpg
หมูผัดกะปิ,Hot ,https://s.isanook.com/wo/0/ud/37/189785/food.jpg?ip/resize/w850/q80/jpg
ปลากระพงนึ่งมะนาว,Hot ,https://iloveveganlongbeach.com/wp-content/uploads/2021/12/%E0%B9%80%E0%B8%A1%E0%B8%99%E0%B8%B9%E0%B8%99%E0%B8%B5%E0%B9%89%E0%B8%A3%E0%B8%B1%E0%B8%9A%E0%B8%A3%E0%B8%AD%E0%B8%87%E0%B9%81%E0%B8%8B%E0%B9%88%E0%B8%9A%E0%B8%88%E0%B8%99%E0%B9%80%E0%B8%AB%E0%B8%87%E0%B8%B7%E0%B9%88%E0%B8%AD%E0%B9%84%E0%B8%AB%E0%B8%A5%E0%B8%81%E0%B8%B1%E0%B8%9A-%E2%80%98%E0%B8%9B%E0%B8%A5%E0%B8%B2%E0%B8%81%E0%B8%B0%E0%B8%9E%E0%B8%87%E0%B8%99%E0%B8%B6%E0%B9%88%E0%B8%87%E0%B8%A1%E0%B8%B0%E0%B8%99%E0%B8%B2%E0%B8%A72.jpg
เเกงเหลืองปลากระพง,Hot ,https://www.unileverfoodsolutions.co.th/dam/global-ufs/mcos/SEA/calcmenu/recipes/TH-recipes/fish-&-other-seafood-dishes/%E0%B9%81%E0%B8%81%E0%B8%87%E0%B9%80%E0%B8%AB%E0%B8%A5%E0%B8%B7%E0%B8%AD%E0%B8%87%E0%B8%A2%E0%B8%AD%E0%B8%94%E0%B8%A1%E0%B8%B0%E0%B8%9E%E0%B8%A3%E0%B9%89%E0%B8%B2%E0%B8%A7/%E0%B9%81%E0%B8%81%E0%B8%87%E0%B9%80%E0%B8%AB%E0%B8%A5%E0%B8%B7%E0%B8%AD%E0%B8%87%E0%B8%A2%E0%B8%AD%E0%B8%94%E0%B8%A1%E0%B8%B0%E0%B8%9E%E0%B8%A3%E0%B9%89%E0%B8%B2%E0%B8%A7%E0%B8%9B%E0%B8%A5%E0%B8%B2%E0%B8%81%E0%B8%B0%E0%B8%9E%E0%B8%87_header.jpg
ผัดเผ้ดนกกระทา,Hot ,https://i0.wp.com/www.eattourthai.com/wp-content/uploads/2022/05/spicy-stir-fried-quail.jpg?resize=720%2C540&ssl=1
ยำหมึกกรอบ,Hot ,https://i.pinimg.com/736x/4a/d3/e5/4ad3e563dbf197df2c89e1da9da89fc0.jpg
ผัดเผ็ดปลาดุกฟู,Hot ,https://i.pinimg.com/originals/f2/a5/ed/f2a5edd9df178468f306faf16d91e871.jpg
แกงป่าปลานิล,Hot ,https://i.pinimg.com/originals/ee/d5/6a/eed56afa12dcf79aaabc22f1ca81a8b2.jpg
ยำไก่ย่าง,Hot ,https://www.pim.in.th/images/all-side-dish-chicken-egg-duck/yam-kai-yang/yum-kai-yang-04.JPG
ต้มแซ่บกุ้ง,Hot ,https://cheewajit.com/app/uploads/2021/03/%E0%B8%95%E0%B9%89%E0%B8%A1%E0%B9%81%E0%B8%8B%E0%B9%88%E0%B8%9A%E0%B8%81%E0%B8%B8%E0%B9%89%E0%B8%87%E0%B8%A2%E0%B9%88%E0%B8%B2%E0%B8%87-%E0%B9%80%E0%B8%A7%E0%B9%87%E0%B8%9A.jpg
แกงคั่วเนื้อปลากราย,Hot ,https://img.wongnai.com/p/1920x0/2020/02/24/a148bf8c6aaf42b283243536d417bb67.jpg
ยำไข่เจียวแซ่บ,Hot ,https://www.gourmetandcuisine.com/Images/cooking/recipes/recipe_1110detail.jpg
ผัดเผ็ดหอยขม,Hot ,https://pim.in.th/images/all-one-dish-shrimp-crab/kanghoikhom/kang-hoikhom-05.JPG
แกงป่าปลาสลิด,Hot ,https://img-global.cpcdn.com/recipes/eb3ee57575b01648/680x482cq70/%E0%B8%A3%E0%B8%9B-%E0%B8%AB%E0%B8%A5%E0%B8%81-%E0%B8%82%E0%B8%AD%E0%B8%87-%E0%B8%AA%E0%B8%95%E0%B8%A3-%E0%B9%81%E0%B8%81%E0%B8%87%E0%B8%9B%E0%B8%B2%E0%B8%9B%E0%B8%A5%E0%B8%B2%E0%B8%AA%E0%B8%A5%E0%B8%94%E0%B8%97%E0%B8%AD%E0%B8%94.jpg
ยำไส้กรอกอีสาน,Hot ,https://image.makewebeasy.net/makeweb/m_1920x0/GQzzIkOv7/attachfile/%E0%B8%A2%E0%B8%B3%E0%B9%84%E0%B8%AA%E0%B9%89%E0%B8%81%E0%B8%A3%E0%B8%AD%E0%B8%81%E0%B9%80%E0%B8%A2%E0%B8%B7%E0%B8%AD%E0%B8%99%E0%B8%96%E0%B8%B4%E0%B9%88%E0%B8%99.jpg
ผัดเผ็ดปลาไหล,Hot ,https://img-global.cpcdn.com/recipes/c911340944790d01/1200x630cq70/photo.jpg
แกงคั่วหอยนางรม,Hot ,https://pbs.twimg.com/media/Ce2K4cUUYAEdr0f.jpg
ชาเขียวไม่หวาน,littleSweet,https://plusaround.com/wp-content/uploads/2021/05/Screen-Shot-2021-05-21-at-1.43.01-AM-1024x766.jpg
น้ำมะนาว,littleSweet,https://www.calforlife.com/image/food/Lemon-juice.jpg
ชามะนาวไม่หวาน,littleSweet,https://s359.kapook.com/r/600/auto/pagebuilder/aea20974-a1b8-44d5-be43-c018b6448758.jpg
น้ำแตงโม,littleSweet,https://img.wongnai.com/p/1920x0/2019/03/26/86eb7649b17d4f0383a6e584f305506c.jpg
ชาขาว,littleSweet,https://s.isanook.com/he/0/ud/4/23241/white-tea.jpg
ชาอู่หลง,littleSweet,https://www.gourmetandcuisine.com/Images/editor_upload/_editor20210514020057_original.jpg
น้ำมะเขือเทศ,littleSweet,https://img.kapook.com/u/kantana/Health/m.jpg
น้ำแตงกวา,littleSweet,https://s.isanook.com/ca/0/ud/275/1376381/tang.jpg
น้ำแครอท,littleSweet,https://yummyth.com/wp-content/uploads/2021/12/5.png
น้ำส้มสดไม่ใส่น้ำตาล,littleSweet,https://s359.kapook.com/pagebuilder/5f80bd5a-7d98-4e7d-9fa0-60832e9dd990.jpg
น้ำมะพร้าว,littleSweet,https://shopee.co.th/blog/wp-content/uploads/2022/04/Shopee-Blog-Coconut-Water-Benefits-Green-Coconut.jpg
ชาผลไม้ไม่หวาน,littleSweet,https://blogger.googleusercontent.com/img/b/R29vZ2xl/AVvXsEiMwVlGKSsNU4No6AXe7l2V1nRoKyfQyAZtEJW7mAMCq3qwvqHuU8TWWznMuopn2R2Nwi8u6NxvN1PxW1dxLkW6kCAmdFreeB6aLGJWHG52hnQ7NSWEYFpliIwUBuc8xLsPcO751ewS_3w/s960/tea2.jpg
ชาดำไม่หวาน,littleSweet,https://www.nestleprofessional.co.th/sites/default/files/styles/np_recipe_detail/public/2022-04/nestea-black-tea-540x400.jpg?itok=abNXW_oE
ชาสมุนไพร,littleSweet,https://img.kapook.com/u/patcharin/Food/Drink/Tea/herbaltea.jpg
น้ำมะกรูด,littleSweet,https://img.wongnai.com/p/1920x0/2023/11/15/a67da2ecf9b4484a957f407b0b924cd8.jpg
น้ำขิง,littleSweet,https://img.kapook.com/u/2017/patcharin/food/drink/ginger/gintea.jpg
น้ำแอปเปิ้ลไม่หวาน,littleSweet,https://image.bestreview.asia/wp-content/uploads/2020/12/TIPCO-%E0%B8%99%E0%B9%89%E0%B8%B3%E0%B9%81%E0%B8%AD%E0%B8%9B%E0%B9%80%E0%B8%9B%E0%B8%B4%E0%B9%89%E0%B8%A5-Apple-juice-100.jpg
น้ำมะเฟือง,littleSweet,http://www.easycookingmenu.com/images/recipes/kitchen/Karuna_Lo/005_2.jpg
ชาใบหม่อน,littleSweet,https://img.kapook.com/u/2019/sireeporn/Health-13/tea4.jpg
น้ำกระเจี๊ยบไม่ใส่น้ำตาล,littleSweet,https://www.postsara.com/wp-content/uploads/2018/10/roselle-juice-1.png
น้ำเก๊กฮวยไม่หวาน,littleSweet,https://www.bluemochatea.com/wp-content/uploads/2019/12/%E0%B9%80%E0%B8%81%E0%B9%87%E0%B8%81%E0%B8%AE%E0%B8%A7%E0%B8%A2%E0%B9%83%E0%B8%9A%E0%B9%80%E0%B8%95%E0%B8%A2.jpg
น้ำเปล่า,littleSweet,https://www.za.in.th/wp-content/uploads/f198a3a8-91e92586.jpg
น้ำชาโบราณไม่หวาน,littleSweet,https://images.deliveryhero.io/image/fd-th/LH/q8yg-hero.jpg
น้ำสมุนไพร,littleSweet,https://static.cdntap.com/tap-assets-prod/wp-content/uploads/sites/25/2021/09/herbaldrink1.jpg
ชาใบราสเบอร์รี่,littleSweet,https://www.molooco.com/wp-content/uploads/2022/02/Raspberry-Leaf-Tea-Benefits-728x381-1.jpg
น้ำอ้อยไม่ใส่น้ำตาล,littleSweet,https://i.ytimg.com/vi/qR8wKjcFQ_A/maxresdefault.jpg
ชามิ้นท์,littleSweet,https://toplist.vn/images/800px/tra-bac-ha-730179.jpg
น้ำแตงไทย,littleSweet,https://i.pinimg.com/originals/af/d0/df/afd0dfad76b5f285cb2b3809d9440176.jpg
น้ำแครอท-ส้ม,littleSweet,https://img.winnews.tv/files/site/0e5434a575ecca90d0f5b8d0811582aa.jpg
ชาเก๊กฮวย,littleSweet,https://www.thaiheartfound.org/upload/26025/userfiles/12102017.jpg
ชากุหลาบ,littleSweet,https://watermark.lovepik.com/photo/20211122/large/lovepik-rose-tea-picture_500743511.jpg
น้ำมันมะพร้าว,littleSweet,https://inwfile.com/s-gf/b27ykm.jpg
น้ำลิ้นจี่,littleSweet,https://doodido.com/wp-content/uploads/2023/04/001028-768x427.jpg
น้ำมะพร้าวอ่อน,littleSweet,https://mthai.com/app/uploads/2019/02/coconut.jpg
น้ำมะยม,littleSweet,https://api2.krua.co/wp-content/uploads/2020/07/RD0070_ImageBanner_1140x507-01-scaled.jpg
น้ำแอปเปิ้ลเขียว,littleSweet,https://pstip.cc/upload/media/entries/2022-11/06/6404-entry-2-1667700930.jpg
น้ำสับปะรดไม่หวาน,littleSweet,https://img.lovepik.com/photo/20211209/medium/lovepik-green-fruit-pineapple-juice-and-pineapple-picture_501723850.jpg
น้ำส้มโซดา,littleSweet,https://tse1.mm.bing.net/th?id=OIP.Mb_41_f5SNNuiMlCLQyd2wHaD4&pid=Api&P=0&h=180
น้ำมะนาว-ขิง,littleSweet,https://f.ptcdn.info/376/074/000/qxbbnujdwsLRdKA5TY0-o.jpg
น้ำฝรั่งหวานกลาง,littleSweet,https://www.meesapam.com/wp-content/uploads/2021/01/Meesapam_228.jpg
น้ำอัญชันมะนาว,littleSweet,https://img.kapook.com/u/2023/wanwanat/1661209351.jpg
น้ำรากบัว,littleSweet,https://www.siamarcheep.com/wp-content/uploads/2016/02/%E0%B8%A3%E0%B8%B2%E0%B8%81%E0%B8%9A%E0%B8%B1%E0%B8%A7%E0%B9%80%E0%B8%8A%E0%B8%B7%E0%B9%88%E0%B8%AD%E0%B8%A1.jpg
น้ำมะพร้าวน้ำหอม,littleSweet,https://images.deliveryhero.io/image/fd-th/LH/iop6-hero.jpg
น้ำเมลอน,littleSweet,https://www.gourmetandcuisine.com/Images/editor_upload/_editor20210512021041_original.jpg
น้ำลูกหม่อน,littleSweet,https://sls-prod.api-onscene.com/partner_files/trueidintrend/204935/IMG_20210109_092230_0.jpg
ชาลาเวนเดอร์,littleSweet,https://laz-img-sg.alicdn.com/p/ef1ce33b403e8fda2c6a806d772f371b.png
น้ำกีวี,littleSweet,https://tigerjacketdragon.com/wp-content/uploads/2023/04/%E0%B9%80%E0%B8%A1%E0%B8%99%E0%B8%B9%E0%B9%80%E0%B8%84%E0%B8%A3%E0%B8%B7%E0%B9%88%E0%B8%AD%E0%B8%87%E0%B8%94%E0%B8%B7%E0%B9%88%E0%B8%A1%E0%B8%AA%E0%B8%B8%E0%B8%94%E0%B8%AE%E0%B8%B4%E0%B8%95-%E0%B8%99%E0%B9%89%E0%B8%B3%E0%B8%81%E0%B8%B5%E0%B8%A7%E0%B8%B5%E0%B9%88%E0%B8%9B%E0%B8%B1%E0%B9%88%E0%B8%99-%E0%B8%97%E0%B8%B5%E0%B9%88%E0%B8%84%E0%B8%A7%E0%B8%A3%E0%B8%A5%E0%B8%AD%E0%B8%87%E0%B8%97%E0%B8%B3%E0%B9%80%E0%B8%AD%E0%B8%87%E0%B8%97%E0%B8%B5%E0%B9%88%E0%B8%9A%E0%B9%89%E0%B8%B2%E0%B8%99.jpg
น้ำทับทิมไม่หวาน,littleSweet,https://4.bp.blogspot.com/-UoJe1UFuMco/WarUlP_zkKI/AAAAAAAAngk/315dXYDIE7Eukc35OGAkZEUzsOKR9zOTACLcBGAs/s1600/drink-2006.jpg
น้ำมะขาม,littleSweet,https://doodido.com/wp-content/uploads/2020/11/Drink-22-Cover-768x427.jpg
ชาบัวบก,littleSweet,https://www.thailandplus.tv/wp-content/uploads/2020/06/shutterstock_358470998.jpg
ชานม,mediumSweet,https://www.smeleader.com/wp-content/uploads/2017/01/%E0%B9%81%E0%B8%9F%E0%B8%A3%E0%B8%99%E0%B9%84%E0%B8%8A%E0%B8%AA%E0%B9%8C%E0%B8%8A%E0%B8%B2%E0%B8%99%E0%B8%A1%E0%B9%84%E0%B8%82%E0%B9%88%E0%B8%A1%E0%B8%B8%E0%B8%81-1024x768.jpg
น้ำส้ม,mediumSweet,https://img.wongnai.com/p/1920x0/2019/12/14/8f8e7768fabd45a98e62a91ed689ffff.jpg
น้ำเสาวรส,mediumSweet,http://4.bp.blogspot.com/-fgtXSKLs5O8/U-ziavrYtgI/AAAAAAAAAdc/v2U6MBPHgoU/s1600/%E0%B8%99%E0%B9%89%E0%B8%B3%E0%B9%80%E0%B8%AA%E0%B8%B2%E0%B8%A7%E0%B8%A3%E0%B8%AA%E0%B8%9B%E0%B8%B1%E0%B9%88%E0%B8%99.jpg
น้ำลำไย,mediumSweet,https://i.pinimg.com/originals/a4/a5/b7/a4a5b737a4176f326afa584aaf6c7851.jpg
น้ำองุ่น,mediumSweet,https://doodido.com/wp-content/uploads/2023/03/0034-6-768x427.jpg
น้ำสัปปะรด,mediumSweet,https://c.wallhere.com/photos/be/b4/pineapple_orange_juice-633197.jpg!d
ชาดำใส่น้ำตาล,mediumSweet,https://www.calforlife.com/image/food/ice-black-tea.jpg
น้ำบ๊วย,mediumSweet,https://img-global.cpcdn.com/recipes/98f24afe8cb0505d/1200x630cq70/photo.jpg
น้ำขิงผสมน้ำตาล,mediumSweet,http://worldcongressacg2017.org/wp-content/uploads/2020/09/%E0%B8%99%E0%B9%89%E0%B8%B3%E0%B8%82%E0%B8%B4%E0%B8%87-1.jpg
น้ำมะตูม,mediumSweet,https://cdn.pixabay.com/photo/2021/07/08/12/40/bael-quince-6396792_1280.jpg
น้ำตะไคร้,mediumSweet,https://tse2.mm.bing.net/th?id=OIP.hkQpmiz4VCMQ0PntGRhWXgHaFj&pid=Api&P=0&h=180
น้ำอ้อย,mediumSweet,https://image.sistacafe.com/images/uploads/summary/image/40572/227-articlesbenefits-of-sugarcane-juice-for-skin-hair-and-health-636628678.jpg
น้ำแคนตาลูป,mediumSweet,https://thaipbs-sawasdee.demotest.dev/wp-content/uploads/2020/02/S24%E0%B8%99%E0%B9%89%E0%B8%B3%E0%B8%9C%E0%B8%A5%E0%B9%84%E0%B8%A1%E0%B9%8902_04-Thurs169.jpg
น้ำมะนาวน้ำผึ้ง,mediumSweet,https://sivasatciftligi.com/wp-content/uploads/2020/12/%E0%B8%99%E0%B9%89%E0%B8%B3%E0%B8%A1%E0%B8%B0%E0%B8%99%E0%B8%B2%E0%B8%A7-%E0%B8%9C%E0%B8%AA%E0%B8%A1%E0%B8%99%E0%B9%89%E0%B8%B3%E0%B8%9C%E0%B8%B6%E0%B9%89%E0%B8%87.jpg
ชาดำเย็น,mediumSweet,https://oknacha.com/wp-content/uploads/2022/02/P-%E0%B8%8A%E0%B8%B2%E0%B8%94%E0%B8%B3%E0%B9%80%E0%B8%A2%E0%B9%87%E0%B8%99.jpg
ชาเขียวใส่น้ำตาล,mediumSweet,https://image.makewebeasy.net/makeweb/0/Ub8wb5z91/MamonDrinks/%E0%B8%8A%E0%B8%B2%E0%B9%80%E0%B8%82%E0%B8%B5%E0%B8%A2%E0%B8%A7%E0%B8%A1%E0%B8%B1%E0%B8%97%E0%B8%89%E0%B8%B0%E0%B9%80%E0%B8%A2%E0%B9%87%E0%B8%99.jpg
น้ำแตงโมผสมน้ำผึ้ง,mediumSweet,https://www.samunpri.com/herbaljuice/wp-content/uploads/2021/10/%E0%B8%99%E0%B9%89%E0%B8%B3%E0%B9%81%E0%B8%95%E0%B8%87%E0%B9%82%E0%B8%A1-1536x960.jpg
น้ำแอปเปิ้ล,mediumSweet,https://www.smeleader.com/wp-content/uploads/2019/08/%E0%B9%81%E0%B8%AD%E0%B8%9B%E0%B9%80%E0%B8%9B%E0%B8%B4%E0%B9%89%E0%B8%A5%E0%B8%9B%E0%B8%B1%E0%B9%88%E0%B8%99.jpg
น้ำลิ้นจี่ใส่น้ำตาล,mediumSweet,https://img.wongnai.com/p/1920x0/2021/05/16/501c1162f6994bfcb8accf5d84d12bce.jpg
น้ำชาข้าว,mediumSweet,https://fw.lnwfile.com/_/fw/_raw/cy/ak/gf.jpg
น้ำมะพร้าวผสมน้ำผึ้ง,mediumSweet,https://d.line-scdn.net/lcp-prod-photo/20200817_65/1597598297107GWMFb_JPEG/9VQLNDQ033LUMNFEOVPVTCSE01849K.jpg
น้ำใบเตย,mediumSweet,https://s359.kapook.com/pagebuilder/d555017f-243c-40fb-8047-25895d7e8e80.jpg
ชาสตรอเบอร์รี่,mediumSweet,https://www.bluemochatea.com/wp-content/uploads/2019/05/Strawberry-Fresh-Tea-1024x1024.jpg
ชาบลูเบอร์รี่,mediumSweet,https://www.bluemochatea.com/wp-content/uploads/2020/01/%E0%B8%8A%E0%B8%B2%E0%B9%80%E0%B8%9A%E0%B8%AD%E0%B8%A3%E0%B8%B5%E0%B9%88%E0%B8%9C%E0%B8%A5%E0%B9%84%E0%B8%A1%E0%B9%89.jpg
น้ำชาเขียวน้ำส้ม,mediumSweet,https://i.ytimg.com/vi/_C_2pWiX4qY/maxresdefault.jpg
น้ำส้มเกล็ด,mediumSweet,https://images.deliveryhero.io/image/fd-th/LH/d1gr-hero.jpg
น้ำมะขามใส่น้ำตาล,mediumSweet,https://doodido.com/wp-content/uploads/2020/11/Drink-22-Cover.jpg
น้ำทับทิม,mediumSweet,https://image.bestreview.asia/wp-content/uploads/2020/10/best-pomegranate-juice-1-1.jpg
น้ำตะไคร้ใส่น้ำผึ้ง,mediumSweet,https://elainesporkandpie.com/wp-content/uploads/2020/11/%E0%B8%99%E0%B9%89%E0%B8%B3%E0%B8%95%E0%B8%B0%E0%B9%84%E0%B8%84%E0%B8%A3%E0%B9%89-%E0%B9%80%E0%B8%84%E0%B8%A3%E0%B8%B7%E0%B9%88%E0%B8%AD%E0%B8%87%E0%B8%94%E0%B8%B7%E0%B9%88%E0%B8%A1%E0%B8%97%E0%B8%B3%E0%B8%87%E0%B9%88%E0%B8%B2%E0%B8%A2-%E0%B8%AA%E0%B8%B2%E0%B8%A3%E0%B8%9E%E0%B8%B1%E0%B8%94%E0%B8%9B%E0%B8%A3%E0%B8%B0%E0%B9%82%E0%B8%A2%E0%B8%8A%E0%B8%99%E0%B9%8C%E0%B8%9B%E0%B8%B0%E0%B8%9A%E0%B8%99.jpg
น้ำเสาวรสใส่น้ำตาล,mediumSweet,https://cf.shopee.co.th/file/fd849d16bdb9d73819599073108f5a22
น้ำลูกตาล,mediumSweet,https://www.thaimee-d.com/pub/media/catalog/product/cache/9ef2995c1c404cd4852076153399d50d/_/_/____1_1.jpg
น้ำกระเจี๊ยบ,mediumSweet,https://2.bp.blogspot.com/-8jQzURGAePw/WJ2xuXxuNWI/AAAAAAAAAWY/LIOiegIt5MIty7P2mxJ0Srsgy4GleX_VgCLcB/s1600/%25E0%25B8%2599%25E0%25B9%2589%25E0%25B8%25B3%25E0%25B8%2581%25E0%25B8%25A3%25E0%25B8%25B0%25E0%25B9%2580%25E0%25B8%2588%25E0%25B8%25B5%25E0%25B9%258A%25E0%25B8%25A2%25E0%25B8%259A.jpg
ชาเบอร์รี่,mediumSweet,https://mabintea.com/wp-content/uploads/2022/08/%E0%B8%A7%E0%B8%B4%E0%B8%98%E0%B8%B5%E0%B8%8A%E0%B8%87%E0%B8%8A%E0%B8%B2%E0%B9%80%E0%B8%9A%E0%B8%AD%E0%B8%A3%E0%B9%8C%E0%B8%A3%E0%B8%B5%E0%B9%88.jpg
น้ำมังคุด,mediumSweet,https://img.wongnai.com/p/1968x0/2021/07/12/19b6f24155894f1ba46e8561b955ce57.jpg
น้ำมะเฟืองใส่น้ำตาล,mediumSweet,http://www.easycookingmenu.com/images/recipes/kitchen/Karuna_Lo/005_2.jpg
น้ำบีทรูท,mediumSweet,https://tonkit360.com/wp-content/uploads/2017/09/3-12.jpg
น้ำแครอทผสมน้ำผึ้ง,mediumSweet,https://png.pngtree.com/thumb_back/fw800/background/20221120/pngtree-glass-of-fresh-carrots-juice-with-honey-sweet-dietary-nutrition-photo-image_1356316.jpg
น้ำมะปราง,mediumSweet,https://www.samunpri.com/herbaljuice/wp-content/uploads/2021/10/%E0%B8%99%E0%B9%89%E0%B8%B3%E0%B8%A1%E0%B8%B0%E0%B8%9B%E0%B8%A3%E0%B8%B2%E0%B8%87.jpg
น้ำลูกเดือย,mediumSweet,https://www.alesethailand.com/wp-content/uploads/2022/02/millet-coconut-milk-dessert-glass-bowl-2048x1365.jpg
น้ำสตรอเบอร์รี่,mediumSweet,https://www.synova.biz/images/uploads/product/57/Very-Strawberry-smoothie-(%E0%B9%81%E0%B8%81%E0%B9%89%E0%B8%A7).jpg
น้ำพุทรา,mediumSweet,https://t1.blockdit.com/photos/2022/12/639ae420d43dbf846a1e4ae4_800x0xcover_jjLJGz3W.jpg
น้ำเชอรี่,mediumSweet,https://s.isanook.com/ca/0/ud/188/944952/image_2011122011131059ac49a8-05c7-e518-7353996260cd7911.jpg
ชานมมอลต์,mediumSweet,https://www.japaikin.com/wp-content/uploads/2019/11/Want-It-Blank-08.jpg
น้ำลูกยอ,mediumSweet,https://www.vibhavadi.com/images/healthex/16500_01639541692.jpg
น้ำมะยมใส่น้ำตาล,mediumSweet,https://api2.krua.co/wp-content/uploads/2020/07/RD0070_SEOImage_1200x630_SEO-scaled.jpg
น้ำแอปริคอต,mediumSweet,https://doodido.com/wp-content/uploads/2021/02/Drinks-25.jpg
น้ำลูกพลับ,mediumSweet,http://เมนู.net/media/images/recipe/%E0%B8%99%E0%B9%89%E0%B8%B3%E0%B8%A5%E0%B8%B9%E0%B8%81%E0%B8%9E%E0%B8%A5%E0%B8%B1%E0%B8%9A%E0%B8%9B%E0%B8%B1%E0%B9%88%E0%B8%99.jpg
น้ำองุ่นขาว,mediumSweet,https://cf.shopee.co.th/file/2ccbd66fce737b1b7f12340b30384d23
น้ำบลูเบอร์รี่,mediumSweet,https://img.wongnai.com/p/1920x0/2019/04/09/c4e43d524c9a4d7191099dea833e926c.jpg
น้ำเก้กฮวย,mediumSweet,https://img.lazcdn.com/g/p/22e662682017aa9eae7761b9d3aca83b.jpg_720x720q80.jpg
น้ำอัดลม,verySweet,https://s3.ap-southeast-1.amazonaws.com/media.motherhood.co.uk/wp-content/uploads/2019/08/05154146/soda5-1024x682.jpg
น้ำผลไม้กล่อง,verySweet,https://cf.shopee.co.th/file/94cdd296bb002b1e785679b3688349ac
น้ำหวานเฮลซ์บลูบอย,verySweet,https://lzd-img-global.slatic.net/g/p/0e4298b29791ec13441497cd6f55d5da.jpg_720x720q80.jpg
น้ำมะพร้าวใส่น้ำเชื่อม,verySweet,https://images.deliveryhero.io/image/fd-th/LH/y3x6-hero.jpg
นมเย็น,verySweet,https://image.makewebeasy.net/makeweb/m_1920x0/k7YSKTBTq/Recipe/%E0%B8%99%E0%B8%A1%E0%B9%80%E0%B8%A2%E0%B9%87%E0%B8%99_1.jpg
โกโก้เย็น,verySweet,https://images.snpfood.com/image/upload/q_auto/v1/brands/15/inventory/products/16186-iced-chocolate-imB3gy
ชาเย็น,verySweet,https://loveatfirstbite-cm.com/wp-content/uploads/2020/09/%E0%B8%8A%E0%B8%B2%E0%B9%84%E0%B8%97%E0%B8%A2.jpg
ยาคลูท์ปีโป้ปั่น,verySweet,https://img.wongnai.com/p/1920x0/2018/10/31/37ce290a27644d5790688189026ac20b.jpg
น้ำสตรอเบอร์รี่ปั่นใส่น้ำเชื่อม,verySweet,https://i.ytimg.com/vi/DILWn201gC4/maxresdefault.jpg
น้ำเขียว,verySweet,https://s.isanook.com/wo/0/ud/38/190829/4.jpg?ip/resize/w728/q80/jpg
น้ำแดง,verySweet,https://mpics.mgronline.com/pics/Images/562000010513101.JPEG
น้ำมะนาวปั่นใส่น้ำเชื่อม,verySweet,https://img.wongnai.com/p/1920x0/2018/10/21/bd828a685d7e44cda9f6ed1dbd3a6487.jpg
น้ำเสาวรสปั่นใส่น้ำเชื่อม,verySweet,https://cms.dmpcdn.com/food/2021/08/10/36910460-f99c-11eb-988c-59fc2c36815f_original.jpg
น้ำมะพร้าวปั่นใส่น้ำเชื่อม,verySweet,https://img.wongnai.com/p/1920x0/2020/11/03/342d45b9405e485dadb6ac01625f7de6.jpg
ชานมไข่มุก,verySweet,https://www.bluemochatea.com/wp-content/uploads/2020/03/%E0%B8%8A%E0%B8%B2%E0%B8%99%E0%B8%A1%E0%B9%84%E0%B8%82%E0%B9%88%E0%B8%A1%E0%B8%B8%E0%B8%81.jpg
น้ำลิ้นจี่ปั่นใส่น้ำเชื่อม,verySweet,https://www.synova.biz/images/uploads/product/56/Lychee-Lime-smoothie-(%E0%B9%81%E0%B8%81%E0%B9%89%E0%B8%A7).jpg
น้ำองุ่นปั่นใส่น้ำเชื่อม,verySweet,https://i.ytimg.com/vi/aEqfNk4Gm5I/maxresdefault.jpg
น้ำสัปปะรดปั่นใส่น้ำเชื่อม,verySweet,https://cdn.pixabay.com/photo/2017/08/01/17/36/smoothie-2566835_960_720.jpg
น้ำบ๊วยใส่น้ำเชื่อม,verySweet,https://www.pueasukkapab.com/wp-content/uploads/2021/06/%E0%B8%99%E0%B9%89%E0%B8%B3%E0%B8%9A%E0%B9%8A%E0%B8%A7%E0%B8%A2%E0%B8%AA%E0%B8%A3%E0%B8%A3%E0%B8%9E%E0%B8%84%E0%B8%B8%E0%B8%93-01.jpg
น้ำบลูเบอร์รี่ปั่นใส่น้ำเชื่อม,verySweet,https://thailandjuicer.com/wp-content/uploads/berry-mints-smoothie.jpg
น้ำมะนาวโซดาใส่น้ำเชื่อม,verySweet,https://kazz-magazine.com/wp-content/uploads/2018/09/francesca-hotchin-403643-unsplash.jpg
น้ำแตงโมโซดาใส่น้ำเชื่อม,verySweet,https://img.wongnai.com/p/l/2017/04/19/e52dfaf257524f2ea90650bce798a9c0.jpg
น้ำมะม่วงปั่นใส่น้ำเชื่อม,verySweet,https://www.bluemochatea.com/wp-content/uploads/2020/02/df8de098561a36641f05ace8de86ea42-1024x1024.jpg
น้ำผลไม้รวม,verySweet,https://cdn1.officemate.co.th/images/zpimage/0081710.jpg
น้ำส้มปั่นใส่น้ำเชื่อม,verySweet,https://www.bloggang.com/data/n/nernnam/picture/1680931203.jpg
น้ำมะปรางปั่นใส่น้ำเชื่อม,verySweet,https://i.ytimg.com/vi/XiOwiZmZPzs/maxresdefault.jpg
น้ำพุทราปั่นปั่นกะทิสด,verySweet,https://img-prod.api-onscene.com/cdn-cgi/image/format=auto%2Cwidth=1600%2Cheight=900/https://sls-prod.api-onscene.com/partner_files/trueidintrend/363516/received_6252810364832008.jpeg
น้ำลิ้นจี่ปั่นใส่น้ำเชื่อม,verySweet,https://img.wongnai.com/p/1920x0/2020/07/06/595a1f5217c8449dbfaedfbc76ab3d52.jpg
น้ำแครอทปั่นใส่น้ำเชื่อม,verySweet,https://i.ytimg.com/vi/9Qn-4IcmCdA/maxresdefault.jpg
บลูเบอรี่โยเกริตปั่น,verySweet,https://www.bluemochatea.com/wp-content/uploads/2020/03/%E0%B8%9A%E0%B8%A5%E0%B8%B9%E0%B9%80%E0%B8%9A%E0%B8%AD%E0%B8%A3%E0%B9%8C%E0%B8%A3%E0%B8%B5%E0%B9%88%E0%B9%82%E0%B8%A2%E0%B9%80%E0%B8%81%E0%B8%B4%E0%B8%94%E0%B8%A7%E0%B8%B4%E0%B8%9B-1-1024x1024.jpg
น้ำมะเฟืองปั่นใส่น้ำเชื่อม,verySweet,https://i262.photobucket.com/albums/ii90/jjbd_photo/food%205/DSC00418.jpg
น้ำบีทรูทปั่นใส่น้ำเชื่อม,verySweet,https://www.pueasukkapab.com/wp-content/uploads/2024/01/%E0%B8%9A%E0%B8%B5%E0%B8%97%E0%B8%A3%E0%B8%B9%E0%B8%97%E0%B8%9B%E0%B8%B1%E0%B9%88%E0%B8%99%E0%B8%81%E0%B8%B1%E0%B8%9A%E0%B8%AD%E0%B8%B0%E0%B9%84%E0%B8%A3%E0%B8%AD%E0%B8%A3%E0%B9%88%E0%B8%AD%E0%B8%A2-8.webp
น้ำมะขามปั่นใส่น้ำเชื่อม,verySweet,https://mabintea.com/wp-content/uploads/2022/06/%E0%B9%80%E0%B8%A1%E0%B8%99%E0%B8%B9%E0%B8%8A%E0%B8%B2%E0%B8%A1%E0%B8%B0%E0%B8%99%E0%B8%B2%E0%B8%A7%E0%B8%9B%E0%B8%B1%E0%B9%88%E0%B8%99-edited.png
กาแฟเย็น,verySweet,https://s.isanook.com/wo/0/ud/38/193837/c.jpg?ip/resize/w728/q80/jpg
โอเลี้ยง,verySweet,https://blogger.googleusercontent.com/img/b/R29vZ2xl/AVvXsEiadQ6rQsdxcdGaBQ23xACD0HGN8OV1Xf9XFAluJ505ljLrGUYoGWSZajccMCfAnbX5HD4xFxgQqrU8zJemtMpryudNITAOlv8ic2Y90QvN9oExUBuDKmSvL1zNRaYhfmG4WcNwAK7qNHju/s1600/Epr0MUR9gUP193WFicOryZgTWftMeewCO1hdYMNbWn.jpg
มอคค่าเย็น,verySweet,https://s359.kapook.com/pagebuilder/ca004d46-c56e-4da6-b8b9-2ec76ce1f31e.jpg
ชานมบราวชูก้า,verySweet,https://www.nestleprofessional.co.th/sites/default/files/2022-04/%E0%B9%80%E0%B8%99%E0%B8%AA%E0%B8%97%E0%B8%B5%20%E0%B8%9A%E0%B8%A3%E0%B8%B2%E0%B8%A7%E0%B8%99%E0%B9%8C%20%E0%B8%8A%E0%B8%B9%E0%B8%81%E0%B8%B2%E0%B8%A3%E0%B9%8C%20%E0%B8%8A%E0%B8%B2%E0%B8%99%E0%B8%A1%E0%B9%84%E0%B8%82%E0%B9%88%E0%B8%A1%E0%B8%B8%E0%B8%81%20%28%E0%B9%80%E0%B8%A2%E0%B9%87%E0%B8%99%29.png
นมสดคาราเมล,verySweet,https://yalamarketplace.com/upload/1679378790365.jpg
น้ำลูกพีชปั่นใส่น้ำเชื่อม,verySweet,https://img.wongnai.com/p/1920x0/2020/04/12/9f35653438b740189ea2bf000392d81f.jpg
น้ำทับทิมปั่นใส่น้ำเชื่อม,verySweet,https://เมนู.net/media/images/recipe/59f6bcf7d4583_.jpg
โกโก้มินท์ ,verySweet,https://s.isanook.com/wo/0/ud/38/193837/cc.jpg?ip/resize/w728/q80/jpg
ไมโลเย็น,verySweet,https://s.isanook.com/wo/0/ud/38/193837/d(3).jpg?ip/resize/w728/q80/jpg
ชานมวนิลา,verySweet,https://oknacha.com/wp-content/uploads/2022/02/P-%E0%B8%8A%E0%B8%B2%E0%B8%99%E0%B8%A1%E0%B8%A7%E0%B8%99%E0%B8%B4%E0%B8%A5%E0%B8%B2.jpg
ชานมน้ำผึ้ง,verySweet,"https://res.wemall.com/953021/w_640,h_640,c_thumb/w_640,h_640,c_crop/22636fba4c8a4301d6b393b66b7521af/%E0%B8%8A%E0%B8%B2%E0%B8%99%E0%B8%A1%E0%B8%99%E0%B9%89%E0%B8%B3%E0%B8%9C%E0%B8%B6%E0%B9%89%E0%B8%87.png"
น้ำลำไยปั่นใส่น้ำเชื่อม,verySweet,https://p16-va.lemon8cdn.com/tos-alisg-v-a3e477-sg/a1542135d0d7437e8700d46c5cd6cfb4~tplv-tej9nj120t-origin.webp
ชานมกาเเฟ,verySweet,https://oknacha.com/wp-content/uploads/2022/02/P-%E0%B8%8A%E0%B8%B2%E0%B8%99%E0%B8%A1%E0%B8%81%E0%B8%B2%E0%B9%81%E0%B8%9F.jpg
ชานมโกโก้,verySweet,https://oknacha.com/wp-content/uploads/2022/02/P-%E0%B8%8A%E0%B8%B2%E0%B8%99%E0%B8%A1%E0%B9%82%E0%B8%81%E0%B9%82%E0%B8%81%E0%B9%89.jpg
ลาเต้เย็น,verySweet,https://s359.kapook.com/pagebuilder/95bcea87-d77c-4236-9cb2-39229c61b15c.jpg
ลาเต้ปั่น,verySweet,https://s359.kapook.com/pagebuilder/fb56a4de-ec8a-421c-bc0c-5cb3b14b8cc9.jpg
น้ำลูกพลับปั่นใส่น้ำเชื่อม,verySweet,https://เมนู.net/media/images/recipe/%E0%B8%99%E0%B9%89%E0%B8%B3%E0%B8%A5%E0%B8%B9%E0%B8%81%E0%B8%9E%E0%B8%A5%E0%B8%B1%E0%B8%9A%E0%B8%9B%E0%B8%B1%E0%B9%88%E0%B8%99.jpg
